,speaker,word,f1,f2
0,453353,had,582.0,1640.0
1,453353,hard,582.0,996.0000000000001
2,453353,head,498.00000000000006,2452.0
3,453353,heard,418.0,1444.0
4,453353,heed,262.0,2318.0
5,453353,hid,354.0,2180.0
6,453353,hoard,418.0,1002.0
7,453353,hod,632.0,958.0
8,453353,hood,362.0,998.0
9,453353,hudd,486.0,1240.0
10,453353,whod,318.0,1626.0000000000002
